date,time,user,email,url,connection_type,status
19/01/2024,23:37:54,emma,emma@smallbusiness.com,thevux.blogspot.com/2009/05/abraham-lincolns-letter-to-his-sons.html,POST,200
07/11/2023,18:59:31,alex,alex@smallbusiness.com,www.africoon.com/panel/,POST,401
06/06/2023,11:38:26,anees,anees@smallbusiness.com,ptomanager.com/,GET,504
28/03/2023,23:05:38,john,john@smallbusiness.com,legacy.com/NS/Obituary.aspx?pid=137371543,POST,503
22/05/2023,17:13:13,josh,josh@smallbusiness.com,springvalleybeach.com/,GET,500
25/08/2023,02:47:00,sam,sam@smallbusiness.com,bjh21.me.uk/acorn/manuals/Sys2TM/contents.html,GET,400
01/11/2023,04:14:33,sam,sam@smallbusiness.com,uecorp.com/,POST,501
01/03/2023,08:21:12,emma,emma@smallbusiness.com,answers.yahoo.com/question/index?qid=20111023100611AA2N34z,GET,501
07/08/2023,02:15:51,siratt,siratt@smallbusiness.com,answers.com/topic/bavarian-fruit-bread-1,GET,501
08/09/2023,03:59:43,tahmid75,tahmid75@smallbusiness.com,en.wikipedia.org/wiki/Golden_Gate_Academy,GET,200
09/11/2023,18:50:25,josh1,josh1@smallbusiness.com,sound-x.net/administration/Boa/index.php.html,GET,302
21/10/2023,23:07:06,ethan,ethan@smallbusiness.com,music.yahoo.com/paul-bley-trio/,GET,403
23/02/2023,11:25:23,tahmid,tahmid@smallbusiness.com,teknodate.com/bdb37,GET,403
11/10/2023,05:36:42,sam,sam@smallbusiness.com,mirrorfootball.co.uk/news/Wolves-fans-film-themselves-urinating-on-West-Bromwich-Albion-pitch-after-Black-Country-derby-defeat-article814342.html,POST,302
03/04/2023,09:26:45,ethan,ethan@smallbusiness.com,46.101.193.229/bkglmn1,POST,200
28/08/2023,04:43:11,siratt,siratt@smallbusiness.com,homes.com/Real_Estate/TX/County/SHACKELFORD/,GET,302
17/10/2023,00:15:58,tahmid,tahmid@smallbusiness.com,en.wikipedia.org/wiki/Template:Infobox_record_label,POST,501
25/08/2023,04:18:02,zaid,zaid@smallbusiness.com,louisianamusicfactory.com/showoneprod.asp?ProductID=5345,GET,200
19/02/2023,19:25:11,zaid,zaid@smallbusiness.com,amazon.com/Shape-Things-Neil-LaBute/dp/0571212468,GET,300
22/08/2023,00:15:16,alex,alex@smallbusiness.com,military.discovery.com/videos/showdown-air-combat-bud-anderson-p-51-mustang.html,GET,300
15/10/2023,17:06:53,john,john@smallbusiness.com,hsn.com/paula-abdul/paula-abdul-fyg-take-your-breath-away-pave-ring_p-4667048_xp.aspx,POST,504
21/08/2023,07:29:13,anees,anees@smallbusiness.com,fandango.com/ernesttruex/information/p71921,POST,504
13/12/2023,06:42:55,emma,emma@smallbusiness.com,britishexpats.com/forum/showthread.php?t=172714,POST,503
14/12/2023,12:24:41,mary42,mary42@smallbusiness.com,politicalgraveyard.com/chrono/1965/09-10.html,GET,500
22/04/2023,12:45:40,sam,sam@smallbusiness.com,yeniik.com.tr/wp-admin/includes/login.alibaba.com/login.jsp.php,POST,400
03/06/2023,03:23:25,ethan,ethan@smallbusiness.com,bhejacry.com/wp-includes/js/jcrop/gucci2014/gdocs/index.php?ip=85.137.167.203,POST,301
19/08/2023,14:00:26,mary,mary@smallbusiness.com,tube8vidspeq.ddns.name/2013/girl-fucked-by-dog.avi.exe,GET,401
28/01/2024,08:44:01,sam,sam@smallbusiness.com,booking.com/hotel/nl/citadel.en.html,GET,200
18/10/2023,00:11:16,alex,alex@smallbusiness.com,desjardins.com/en/votre_caisse/coordonnees/guichets.jsp?transit=81530500,POST,400
15/08/2023,05:42:56,john,john@smallbusiness.com,loopnet.com/California/San-Leandro-Commercial-Real-Estate/,GET,500
21/08/2023,18:35:53,emma,emma@smallbusiness.com,bravewords.com/news/159189,GET,200
07/03/2023,18:50:05,anees,anees@smallbusiness.com,nationaljobs.washingtonpost.com/a/all-jobs/list/q-Providence+Saint+Joseph+Medical+Center,GET,401
12/06/2023,01:40:03,alex,alex@smallbusiness.com,midlandsheritage.co.uk/outside-midlands/,POST,302
26/02/2023,10:32:38,alex,alex@smallbusiness.com,51.255.107.6/message.php,GET,302
06/08/2023,23:47:40,emma,emma@smallbusiness.com,dsc.discovery.com/tv-schedules/series.html?paid=1.15470.25889.33761.1,GET,503
24/06/2023,17:29:19,quinn,quinn@smallbusiness.com,imdb.com/name/nm0162595/,GET,403
07/01/2024,09:43:41,emma,emma@smallbusiness.com,bunburyfilms.com/underdogplaza.html,POST,302
15/12/2023,07:38:40,mary,mary@smallbusiness.com,chicagomag.com/Chicago-Magazine/March-2011/50-Most-Beautiful-Chicagoans-Saira-Mohan-Cooper/,GET,503
12/11/2023,14:24:07,siratt,siratt@smallbusiness.com,trueknowledge.com/q/facts_about__nbc_universal,POST,503
16/04/2023,19:21:06,sam,sam@smallbusiness.com,ca.linkedin.com/directory/people/ca/giasson.html,GET,301
21/03/2023,12:19:24,quinn,quinn@smallbusiness.com,inside.anime-expo.org/ax-scoop/2011-05/chart-topping-japanese-pop-trio-kalafina-will-perform-live-in-concert-at-anime-expo-2011/,POST,500
14/04/2023,21:18:07,alex,alex@smallbusiness.com,living4u.80port.net/zb/doc/file.index.htm/remax-securelogin_files/remax-secure_login_files/remax-securelogin_files/remax0-0secure0login_files/remax0-0secure0login_files/remax0-0secure0login_files/remax%20-/,GET,401
04/03/2023,03:23:21,mary,mary@smallbusiness.com,restadelray.com/wp-content/plugins/zakoocdabrn/ebay/906900e81302ed099b0b7b3794bd9544/,POST,503
24/08/2023,20:11:34,mary,mary@smallbusiness.com,www.paypal.com.securearea.billing.confirm.update.xcpsess26580746050a13c0db1f1ff80d546411d7f8a8350c132bc41nxcz.gustavoluppi.com/webscr.php?cmd=_login-run&dispatch=5885d80a13c0db1f1ff80d546411d7f8a8350c132bc41e0934cfc023d4e8f9e5659877231cdf4690ad117ae53a7cb26b659877231cdf4690ad117ae53a7cb26b,POST,501
21/01/2024,16:42:33,mary,mary@smallbusiness.com,www.ordisport.fr/wp-content/plugins/WPSCMagic/cache/,GET,400
12/06/2023,11:09:02,ethan,ethan@smallbusiness.com,silverliningsagency.com/wp-content/plugins/telekom/telekom_deutschland_gmbh,POST,404
09/07/2023,11:55:08,emma,emma@smallbusiness.com,en.wikipedia.org/wiki/The_Man_Who_Cried,POST,301
11/02/2024,23:13:19,john,john@smallbusiness.com,www.rsa.com/node.aspx?id=1204,GET,401
22/01/2024,01:06:12,emma,emma@smallbusiness.com,www.118bm.com/images/?us.battle.net/login/en/?ref=wxriksgus.battle.net/d3/en/index&amp;app=com-d3,POST,501
24/07/2023,04:01:54,john,john@smallbusiness.com,ktchista.com/components/com_rbc/info/10677e580bae1ca9af2afa79d2db6e8b/,GET,300
17/11/2023,15:28:51,anees,anees@smallbusiness.com,youtube.com/watch?v=Sr43EG0ksFM,GET,404
14/12/2023,10:05:39,emma,emma@smallbusiness.com,thebilindabutchers.tumblr.com/,POST,501
23/03/2023,00:27:03,john,john@smallbusiness.com,newsviews.co.uk/remax/remax/,GET,501
08/10/2023,22:24:25,sam,sam@smallbusiness.com,www.onlamp.com/pub/a/onlamp/2007/05/21/an-introduction-to-haskell---part-1-why-haskell.html,POST,302
20/01/2024,01:06:41,tahmid64,tahmid64@smallbusiness.com,goo.gl/60HAqJ,POST,300
17/04/2023,12:05:08,alex,alex@smallbusiness.com,www.peypal.com-cgi-bin-webscr-cmd.login-run.457822s151515c85184954s9541home.country-lang.x-true454w8.digitalphotographycourseslondon.co.uk/5885d80a13c0db1f8e263663d3faee8dcbcd55a50598f04d34b4bf5056870803/2b851e11abe9aac7e3611d1e6086dfdc/,GET,401
14/07/2023,21:01:06,alex22,alex22@smallbusiness.com,barnesandnoble.com/w/kansas-city-southern-railway-kansas-thad-carter/1100569998,GET,200
30/06/2023,16:38:46,sam,sam@smallbusiness.com,123people.co.uk/s/joseph+curran,GET,301
16/10/2023,04:48:15,siratt,siratt@smallbusiness.com,peypel.us.com.cgi.ngi.webscre.maps.logins.webaps.mba.homes.billings.activet.homa.pluns.5542290739f57ac719fdf5bc44d702ac3faee8d0b7e678a25d883d0fa.demo.seriport.com/welcome.0841208705nf12408av49701v245a35136a872abkqa73461/9cab2b738097ebb0a34f638bc3573e0b/,POST,503
23/02/2023,15:14:28,tahmid,tahmid@smallbusiness.com,nme.com/artists/ron-nevison,GET,503
03/12/2023,04:35:14,ethan,ethan@smallbusiness.com,www.deakin.edu.au/~rodneyc/XLStats.htm,POST,300
25/03/2023,03:48:55,tahmid,tahmid@smallbusiness.com,rev3tri.com/videos/cameron-dye/,POST,401
01/06/2023,01:05:17,quinn,quinn@smallbusiness.com,trueknowledge.com/q/facts_about__debbi_fields,GET,501
19/06/2023,18:16:02,anees13,anees13@smallbusiness.com,www.bebits.com/app/1236,POST,504
24/08/2023,18:33:01,alex16,alex16@smallbusiness.com,www.paypal.com.us.cgi-bin.webscr.cmd.login-submit.dispatch.5885d80a13c0db1f8e263663d3faee83d0fa72c947f193f8fd.nossoreencontro.portalcapoeira.com/paypal-uus/,GET,302
27/12/2023,17:39:24,josh,josh@smallbusiness.com,bakerstudiosltd.com/main.html,POST,500
06/04/2023,03:08:02,anees,anees@smallbusiness.com,ggoogldoc.com/gdocmaxi/filewords/verification.php,POST,501
17/07/2023,09:38:07,mary,mary@smallbusiness.com,mcgill.ca/athletics/newsroom/spotlight/item/?item_id=109035,GET,500
12/03/2023,11:31:34,siratt,siratt@smallbusiness.com,montreal.about.com/b/2010/04/15/club-281-montreal_ladies_club_celebrates-30th-anniversary_montreal-2.htm,GET,301
07/02/2024,03:08:37,alex,alex@smallbusiness.com,www.ssmf.co.uk//login.aspx.htm,POST,503
10/07/2023,11:19:56,ethan3,ethan3@smallbusiness.com,www.cqpszx.com/images/?app=com-d3&ref=tqvavewus.battle.net/d3/en/index,GET,503
03/05/2023,14:21:33,sam,sam@smallbusiness.com,ttt78good.com/data/feeder/,GET,200
04/02/2024,20:01:23,sam82,sam82@smallbusiness.com,legalbridgesc.com/wp-content/plugins/zgoooecafxx/batchdeteftps.html,GET,300
13/12/2023,06:04:49,alex,alex@smallbusiness.com,svcangel.com/g3r7ewc,GET,502
13/11/2023,05:41:50,quinn,quinn@smallbusiness.com,urbanspoon.com/r/67/721175/restaurant/Montreal/Plateau-Mont-Royal/Fairmount-Bagel-Montreal,GET,504
24/02/2023,03:28:10,tahmid,tahmid@smallbusiness.com,fredcamper.com/Film/BrakhageS.html,POST,500
12/10/2023,16:30:59,zaid,zaid@smallbusiness.com,zoominfo.com/people/Richler_Noah_66324465.aspx,GET,503
09/03/2023,13:50:20,mary,mary@smallbusiness.com,en.wikipedia.org/wiki/Central_station,POST,401
19/03/2023,21:33:09,tahmid,tahmid@smallbusiness.com,192.com/atoz/people/fisher/raymond/,POST,504
29/03/2023,18:56:38,zaid,zaid@smallbusiness.com,valuecheminc.com/install_secure@/templates/pages/portal_bb_br/a0404.php,POST,404
14/04/2023,03:22:55,josh,josh@smallbusiness.com,wn.com/coastal_shipping,GET,200
26/07/2023,09:31:11,siratt,siratt@smallbusiness.com,virginiabusiness.com/index.php/news/article/virginia-companies-make-military-friendly-employers-list/308824/,POST,501
25/07/2023,01:01:18,john,john@smallbusiness.com,wrch.radio.com/contact/,GET,301
26/12/2023,04:58:11,sam,sam@smallbusiness.com,accountingmass.com/data/feeder/,POST,401
24/11/2023,18:43:04,john,john@smallbusiness.com,granitospacari.com.br/wp-admin/includes/capitec/deposit/,POST,504
03/11/2023,05:00:21,quinn,quinn@smallbusiness.com,youtube.com/watch?v=ypt-n4CZKr4,POST,302
14/06/2023,11:59:00,siratt,siratt@smallbusiness.com,ville.montreal.qc.ca/archives/portraits/en/teachers/quiz/patriotes/solution.shtm,GET,504
28/03/2023,13:58:15,sam17,sam17@smallbusiness.com,ryangraber.com/wordpress/wp-content/49b3a02fcc50a441aff7049bd202d2fe/info.htm,POST,200
21/03/2023,15:45:04,josh,josh@smallbusiness.com,downarchive.com/aed/da/Deep+Puddle+Dynamics+++The+Taste+Of+Rain+++++Why+Kneel,POST,200
02/11/2023,15:55:05,zaid,zaid@smallbusiness.com,www.rcbnetbrasil.sx33.net/,POST,200
09/09/2023,03:07:25,siratt,siratt@smallbusiness.com,docs.google.com/document/d/1kC36xLA6GTlku_oCMR5C6NiYis-DcrzTnpCv374aVlQ/pub,GET,200
06/05/2023,02:18:37,tahmid,tahmid@smallbusiness.com,linkedin.com/directory/people/faanes.html,POST,501
27/05/2023,07:07:37,anees,anees@smallbusiness.com,evri.com/organization/don-bluth-0x4b909,GET,302
28/02/2023,10:04:35,quinn,quinn@smallbusiness.com,zoominfo.com/people/Harris_Maya_202050065.aspx,GET,502
01/11/2023,15:38:35,ethan,ethan@smallbusiness.com,investing.businessweek.com/research/stocks/people/relationship.asp?personId=418467&ticker=WTGN:SW&previousCapId=0&previousTitle=UBS%20Wealth%20Management%20USA,POST,300
14/06/2023,03:37:19,john,john@smallbusiness.com,'9d345009-a-62cb3a1a-s-sites.googlegroups.com/site/stickamcomlogindo/login.html?attachauth=ANoY7cpwbBYB84dcHmkB9mNC-Fd_3HaNDYZfJrHdOQq4MWJ9D5aUhxg0HAM0b3Axb8-8TJHZ24SD4AkfyDxm54p2rLm2B5ddglUrH5Ze3H17lfj56PhlSmZWRv91Wydi3x6FWtEjtQaTRG8NJgd1VDcOTOjsMNAgj2u5uxROzo_Sd2R1Gh0CrgZHEfTQirtmOo5eBjH98hMsjHqxNCUld_NwaKGHvIG4yw\%3D\%3D&amp;attredirects=1',GET,502
03/12/2023,17:41:00,emma,emma@smallbusiness.com,answers.yahoo.com/question/index?qid=20090412151907AAYS8ZH,POST,504
25/01/2024,08:36:00,siratt27,siratt27@smallbusiness.com,login.paypal.webcsr.com.e3b842c34f01b64793730aea3d430.updates.log.arimaanmanagement.com/xxxx/66bd1ba7082e984b58f4353915f3e891/Credit-card.htm?cmd=_login-run&dispatch=5885d80a13c0db1f998ca054efbdf2c29878a435fe324eec2511727fbf3e9efcd8,GET,502
20/07/2023,01:25:24,ethan,ethan@smallbusiness.com,wn.com/FRED_PHELPS,GET,502
11/02/2024,16:26:57,alex,alex@smallbusiness.com,findagrave.com/php/famous.php?FScemeteryid=8191&page=cem,GET,302
27/04/2023,04:09:41,anees,anees@smallbusiness.com,amazon.com/Frank-Millers-Sin-City-VHS/dp/B0009PBNFW,POST,503
19/01/2024,11:13:04,mary,mary@smallbusiness.com,britannica.com/EBchecked/topic/850225/Bombardier-Inc,POST,501
20/05/2023,03:55:19,emma,emma@smallbusiness.com,services-runescape-com-ssl-forums.totalh.net/m=weblogin.loginform.ws-mod=www&amp;ssl=1&amp;reauth=1&amp;dest=account_settings.ws.html,POST,403
09/10/2023,10:36:17,tahmid,tahmid@smallbusiness.com,breewalker.blogspot.com/,GET,300
10/10/2023,15:27:47,zaid,zaid@smallbusiness.com,facebook.com/people/Rob-Rock/1079409841,POST,300
25/12/2023,14:12:57,josh,josh@smallbusiness.com,meridianstar.com/local/x1617554598/VICE-ADMIRAL-VISIT,POST,501
10/05/2023,03:40:03,tahmid,tahmid@smallbusiness.com,'9d345009-a-62cb3a1a-s-sites.googlegroups.com/site/stickamcomlogindo/login.html?attachauth=ANoY7crvBaNjAMnCeXcYGbZg98iuOusfQEUl579w5tpI_8sm1ao4cWNlGjeYzLDvufSsTnfxu1U4jVCh9prf-29bB_WJ-TQWhB0qqiXWFS4-TB59tZ4upd23lTTRbVSNQzAeofeb9idqT3Kxe_WCtvlvOSkN-xnhqDwXlcJvm1_XtSBO4c_zqXNLJJbJSOxcTz8xryvzhw3Osy4H1-4z6yNoa5H3jDqK4g\%3D\%3D&amp;attredirects=1',POST,300
10/04/2023,16:50:32,tahmid94,tahmid94@smallbusiness.com,cbc.ca/quebecvotes2007/riding/041,POST,501
24/06/2023,22:19:01,mary,mary@smallbusiness.com,ebay.com/sch/i.html?_nkw=MINIFee+SHIWOO+ELF+Limited+%7EHappy+Hour+Ver%7E+Vampire+BJD+1%2F4+MSD+Doll,GET,404
10/05/2023,11:14:51,mary,mary@smallbusiness.com,mastercontabilidade.com/wp-includes/SimplePie/telekom/vodafone_onlinerechnung,POST,504
23/09/2023,16:19:44,john,john@smallbusiness.com,pipl.com/directory/name/Minciotti/Silvio,GET,504
13/10/2023,12:41:28,alex,alex@smallbusiness.com,oldsmobileforums.com/forums/forumdisplay.php?f=47,POST,500
20/03/2023,13:09:44,tahmid,tahmid@smallbusiness.com,www.jphmvossen.nl/jkYTFhb7,POST,501
08/09/2023,20:10:44,josh,josh@smallbusiness.com,darlanoliveira.adv.br/faih/YahooNewPage/index.htm,GET,200
26/09/2023,06:33:55,ethan,ethan@smallbusiness.com,historyorb.com/date/1883/november,POST,200
11/06/2023,19:18:36,sam27,sam27@smallbusiness.com,facebook.com/pages/Bruce-Reitherman/106265452737843,POST,504
19/01/2024,15:51:11,john,john@smallbusiness.com,scores.espn.go.com/ncf/boxscore?gameId=282500087,GET,301
08/03/2023,05:12:47,anees,anees@smallbusiness.com,people.famouswhy.com/rosemary_forsyth/directory.html,GET,500
24/04/2023,14:01:00,emma,emma@smallbusiness.com,kvrr.com/,GET,300
21/05/2023,02:44:21,ethan,ethan@smallbusiness.com,liveleak.com/view?i=e98_1315199854,POST,503
08/05/2023,15:23:30,josh23,josh23@smallbusiness.com,cirter.com/INSTALI.php,GET,503
12/10/2023,04:27:25,alex100,alex100@smallbusiness.com,newt150.tripod.com/4bcsv,GET,500
25/02/2023,08:30:24,josh59,josh59@smallbusiness.com,www.xc2fg.com/f113434aaf5cf215cc52bc5c6a8dbe67/login.php,GET,400
20/10/2023,15:50:35,ethan73,ethan73@smallbusiness.com,cid.oxfordjournals.org/content/47/10/1328.full,GET,400
29/06/2023,01:14:48,josh,josh@smallbusiness.com,help.paypal.com.cgi.bin.webscr.cmd.login.submit.dispatch.c13c0dn63663d3faee8db2b24f7ld6c338b1d9d702-00-3368861018.27016.ddfoto.8p.pl/account_confirm/secure-code12/security/,POST,503
25/09/2023,01:36:58,tahmid86,tahmid86@smallbusiness.com,content.usatoday.com/community/tags/topic.aspx?req=tag&tag=Bobby%20Smith,GET,300
17/07/2023,14:10:04,ethan87,ethan87@smallbusiness.com,jbm.thefanzchoice.com/,GET,500
27/02/2023,17:54:44,siratt,siratt@smallbusiness.com,jigsaw.com/id229566/molson_coors_brewing_company.xhtml,POST,200
20/01/2024,11:55:16,siratt,siratt@smallbusiness.com,mag.kiki-whispers.co.uk/hair-styler/beehive-hair,GET,501
18/07/2023,15:27:02,john,john@smallbusiness.com,whb.ncpublichealth.com/,POST,404
18/11/2023,17:00:20,alex,alex@smallbusiness.com,kcsg.com/view/full_story/6956547/article-Former-Miss-America-Vandeweghe-left-Legacy-of-Family---Faith,POST,504
28/08/2023,23:55:16,anees,anees@smallbusiness.com,salary.com/TN/Chief-Executive-Officer-salary.html,GET,502
19/10/2023,13:12:28,emma,emma@smallbusiness.com,stampedeblue.com/2010/9/4/1670391/2010-colts-roster-cuts-23-players,GET,302
10/05/2023,21:15:43,siratt,siratt@smallbusiness.com,virginia.hometownlocator.com/va/prince-william/dale-city.cfm,GET,300
15/08/2023,16:52:26,emma,emma@smallbusiness.com,spoke.com/info/pFA4uiy/RobinKelen,GET,301
22/11/2023,03:36:57,siratt,siratt@smallbusiness.com,ariwilson14.blogspot.com/,POST,301
25/08/2023,15:28:23,tahmid,tahmid@smallbusiness.com,mylife.com/127415824,GET,502
31/12/2023,13:54:07,tahmid1,tahmid1@smallbusiness.com,picvb.com/inbox/update/your/account/paypai/reboot.php,GET,302
25/11/2023,13:52:59,emma,emma@smallbusiness.com,katherinebeauchamp.com/,POST,504
04/09/2023,18:57:29,john,john@smallbusiness.com,www.lasmilyuna.com/aww5/index.php,POST,503
21/08/2023,23:53:46,alex,alex@smallbusiness.com,adexeintl.com/mpa/Panel/gate.php,POST,401
25/01/2024,02:25:42,anees,anees@smallbusiness.com,4shared.com/audio/DPmfLitj/KAT-TUN_-_SIGNAL.html,POST,401
29/07/2023,02:16:39,emma,emma@smallbusiness.com,epguides.com/LateLateShowwithCraigFerguson/,GET,200
24/08/2023,09:36:10,siratt,siratt@smallbusiness.com,fandango.com/vickifrederick/biography/p24924,POST,501
04/09/2023,02:55:07,mary,mary@smallbusiness.com,livestrong.com/article/202824-ccm-vector-3-0-senior-ice-hockey-skates-review/,GET,502
22/08/2023,09:57:32,john,john@smallbusiness.com,youtube.com/watch?v=zAybq9Gidh4,POST,400
08/09/2023,05:53:42,sam,sam@smallbusiness.com,blog.seattlepi.com/beerblotter/2011/10/28/quebec%e2%80%99s-iconic-mcauslan-brewing-headed-to-seattle-market/,GET,401
04/04/2023,07:24:58,tahmid,tahmid@smallbusiness.com,palmermacauley.co.nz/wp-content/plugins/xcloner-backup-and-restore/images/includes/includes1/asset/includes.php,POST,200
25/06/2023,10:33:55,siratt,siratt@smallbusiness.com,facebook.com/pages/SUGAR-SAMMY/16876285974,POST,501
21/06/2023,13:59:43,john,john@smallbusiness.com,kintoo.com/demo/desiworld/wp-content/themes/newsworld/ficohsa.php,GET,401
03/06/2023,08:48:13,alex,alex@smallbusiness.com,'www.zpsyy.cn/images/login.htm?us.battle.net/login/en/?ref=http\%3A\%2F\%2Fadicpckus.battle.net\%2Fd3\%2Fen\%2Findex&amp;amp;app=com-d3',GET,400
31/05/2023,00:43:07,tahmid,tahmid@smallbusiness.com,ferommok.com/search.php?search=1980+S+PINOY+XXX+MOVIE&action=search,POST,404
18/09/2023,05:27:38,mary,mary@smallbusiness.com,baseballcardshopper.com/Topps_Bowman_Fleer_Donruss/baseball_cards_player.aspx?player=Willie%20Davis,POST,404
31/05/2023,20:29:11,siratt,siratt@smallbusiness.com,rootsweb.ancestry.com/~qcmtl-w/FrobisherJoseph.html,GET,503
17/10/2023,11:24:31,siratt,siratt@smallbusiness.com,rockfordriverhawks.com/news/?id=8637,GET,502
14/03/2023,11:25:05,sam97,sam97@smallbusiness.com,villakidsbuffetinfantil.com/Limit-id=65722/441ff85c6c4a4d5e63e7814bb6abd56e/,GET,503
27/06/2023,19:14:45,mary,mary@smallbusiness.com,youtube.com/watch?v=Avh9Al7a3WA,GET,302
31/05/2023,22:23:46,zaid,zaid@smallbusiness.com,youtube.com/playlist?list=PLFFED456CC610E553,POST,200
25/03/2023,17:15:40,siratt,siratt@smallbusiness.com,janicearthur.com/,POST,404
09/02/2024,07:28:54,quinn,quinn@smallbusiness.com,cmt.ro/uftzpd,POST,502
27/10/2023,01:20:33,tahmid,tahmid@smallbusiness.com,oreilly.com/catalog/9780937175514/,GET,403
08/07/2023,23:38:11,sam,sam@smallbusiness.com,jordan.ukrhitech.net/dbma/extra/?/nu/ai/ce/sa/ii/faci/,POST,500
12/05/2023,20:02:52,siratt,siratt@smallbusiness.com,drtidrenczelzsolt.hu/media/com_spupgrade/js/nD/,POST,200
30/03/2023,03:12:19,mary,mary@smallbusiness.com,toquitoshow.com/investment/investment/investment,GET,301
15/08/2023,19:04:05,zaid,zaid@smallbusiness.com,hpwes.net/,POST,502
21/02/2023,22:14:44,emma,emma@smallbusiness.com,www.brooksnet.com/hp3000remoteprinting.html,POST,403
16/07/2023,20:05:32,sam29,sam29@smallbusiness.com,nydailynews.com/topics/Michel%20Therrien,POST,400
29/06/2023,14:44:48,alex,alex@smallbusiness.com,onesource.com/free/V-Navaratnam/People/Profile/45131336-40,POST,403
14/02/2023,15:33:03,quinn,quinn@smallbusiness.com,lead411.com/Scott_Brun_1326240.html,GET,503
26/10/2023,10:19:05,john,john@smallbusiness.com,www.webring.com/hub?ring=cartoon_doll,GET,502
09/03/2023,08:32:31,mary,mary@smallbusiness.com,siliconautomation.com/exports/Templates/New1aol/AOLMail.htm,GET,501
26/08/2023,20:18:22,ethan,ethan@smallbusiness.com,mmaweekly.com/bellator-signs-the-arm-collector-giva-santana,POST,502
11/06/2023,09:57:33,zaid,zaid@smallbusiness.com,laptopmotherboardrepair.info/,POST,200
04/07/2023,06:14:01,josh,josh@smallbusiness.com,psychology.wikia.com/wiki/Neyman%E2%80%93Pearson_lemma,GET,403
25/01/2024,21:10:03,siratt,siratt@smallbusiness.com,mapquest.com/maps?city=Hobart&state=WI,POST,401
17/02/2023,05:13:16,emma,emma@smallbusiness.com,americanhistory.about.com/od/jamesgarfield/p/pgarfield.htm,POST,503
23/04/2023,19:46:18,anees,anees@smallbusiness.com,pipl.com/directory/name/Dudek/Margaret,GET,401
05/02/2024,19:26:47,zaid,zaid@smallbusiness.com,rootsweb.ancestry.com/~onglenga/cems/research-cemetery-stanthonys.html,GET,504
03/09/2023,01:47:40,anees,anees@smallbusiness.com,litlquest.com/,GET,501
25/01/2024,06:15:38,zaid,zaid@smallbusiness.com,uladekoracje.republika.pl/j988765,GET,400
16/07/2023,11:16:36,siratt,siratt@smallbusiness.com,discogs.com/artist/Idiot+Flesh,POST,302
21/08/2023,12:22:21,josh,josh@smallbusiness.com,reocities.com/Augusta/fairway/1961,GET,504
12/03/2023,19:17:35,quinn,quinn@smallbusiness.com,intech.tj/includes/tradekey/index.html,GET,503
15/02/2023,13:38:11,alex,alex@smallbusiness.com,qpicture.com/artists/j,GET,401
14/02/2023,08:42:38,mary,mary@smallbusiness.com,postimpressions.net/,GET,300
05/08/2023,00:17:36,john,john@smallbusiness.com,exercise.about.com/od/exerciseglossaryterms/g/agonist.htm,GET,503
23/04/2023,02:26:21,alex,alex@smallbusiness.com,twitter.com/QAtADgAMw,GET,501
28/09/2023,22:00:04,ethan,ethan@smallbusiness.com,handpainted.com.ar/themes/brtt/,GET,503
07/10/2023,03:33:24,josh,josh@smallbusiness.com,www.nongphue.go.th/webboard_upload/signineByISAPdll23712www0deoasda5.htm,GET,404
29/10/2023,09:48:51,josh,josh@smallbusiness.com,absolutemichigan.com/search/?linkid=6274,GET,500
14/01/2024,06:12:19,mary,mary@smallbusiness.com,people.famouswhy.com/darlene_gillespie/,POST,401
04/11/2023,06:58:50,zaid,zaid@smallbusiness.com,coverups.com/twa/index.htm,GET,503
25/03/2023,16:23:10,anees,anees@smallbusiness.com,amazon.co.uk/Flesh-Gordon-DVD-Vince-Murdocco/dp/B00005U0I9,GET,401
08/06/2023,05:20:23,sam,sam@smallbusiness.com,alexandalexa.com/,GET,301
10/03/2023,19:16:44,alex,alex@smallbusiness.com,sushitime.com.au/gnm13j2m,GET,503
09/05/2023,07:41:13,mary,mary@smallbusiness.com,supremestores.com/marshalls_store/answers.htm,GET,500
23/08/2023,01:50:59,quinn,quinn@smallbusiness.com,facebook.com/pages/Club-Atl%C3%A9tico-Atlanta/112677988746419,POST,302
10/12/2023,22:27:42,john,john@smallbusiness.com,341-557-167-168.341-557-167-168.341-557-167-168.yku2ncla9zmaecf.y2qyd4btrz.com.ve/?token=341-557-167-168-vn779bj7ddv-341-557-167-168,GET,301
08/02/2024,10:44:20,siratt,siratt@smallbusiness.com,mason.math.tntech.edu/smith2/d0009/g0000076.htm,POST,500
17/12/2023,19:40:43,siratt,siratt@smallbusiness.com,oocities.org/tvhatton/mtl-local/cbmt.html,POST,400
09/06/2023,21:04:13,john,john@smallbusiness.com,usgwarchives.org/tx/smith/births.html,POST,501
24/03/2023,11:02:40,siratt,siratt@smallbusiness.com,classmates.com/registration/city.jsp?cType=school&sId=23,GET,500
02/01/2024,12:16:48,quinn,quinn@smallbusiness.com,jointventuresnetwork.com/,POST,500
13/11/2023,09:08:12,anees,anees@smallbusiness.com,ulcihq.org/,POST,500
03/12/2023,02:39:05,ethan,ethan@smallbusiness.com,whosdatedwho.com/tpx_47027/paul-gleason/,GET,300
09/01/2024,01:07:04,emma,emma@smallbusiness.com,veromi.com/Norman-Compton.aspx,POST,403
22/06/2023,00:32:07,mary1,mary1@smallbusiness.com,content.usatoday.com/community/tags/topic.aspx?req=tag&tag=Fellowship%20of%20Christian%20Athletes,POST,503
04/10/2023,18:45:28,josh,josh@smallbusiness.com,tstnz.com/,POST,502
15/12/2023,12:27:00,zaid,zaid@smallbusiness.com,quantium.pl/upload/filenet/webnet/,POST,200
25/10/2023,01:04:38,mary,mary@smallbusiness.com,joellis.org/,GET,403
20/09/2023,02:12:05,siratt,siratt@smallbusiness.com,michaelsdavislawfirm.com/,POST,501
13/03/2023,07:09:09,john91,john91@smallbusiness.com,www.ansi.okstate.edu/breeds/cattle/lincolnred/,GET,504
08/04/2023,21:40:02,emma,emma@smallbusiness.com,cameragear.lk/js/new/,GET,400
04/09/2023,13:04:53,tahmid,tahmid@smallbusiness.com,deroyals.com/evl9rps,GET,400
11/08/2023,14:33:48,john,john@smallbusiness.com,census-online.us/view/GAINEY/,GET,500
07/09/2023,17:49:55,zaid19,zaid19@smallbusiness.com,allmusic.com/artist/earl-hines-p6746/discography,GET,504
02/02/2024,08:02:10,mary,mary@smallbusiness.com,fullapple.net/pictures/bkp/n.php,GET,300
18/04/2023,20:47:53,sam,sam@smallbusiness.com,nosorigines.qc.ca/genealogielistfirstname.aspx?ancestor=39&Family=Dion_416&lng=en,GET,503
27/09/2023,09:50:23,siratt,siratt@smallbusiness.com,demotix.com/news/824071/concordia-university-support-staff-go-one-day-strike,GET,404
13/03/2023,08:36:49,emma,emma@smallbusiness.com,grandstandsports.com/pages/sport5_126.htm,POST,301
14/06/2023,21:10:34,ethan,ethan@smallbusiness.com,scpolytechnic.com/8fh34f3,POST,501
26/02/2023,12:20:00,john,john@smallbusiness.com,buzzle.com/articles/pandora-radio.html,POST,400
23/04/2023,05:08:16,siratt,siratt@smallbusiness.com,txdgmnqopsgdksana.xyz/php/upload.php,GET,502
25/02/2023,02:34:05,mary,mary@smallbusiness.com,cisfootball.org/recruits/,POST,302
23/05/2023,21:19:27,anees,anees@smallbusiness.com,youtube.com/watch?v=L7CGjxMtnz0,POST,504
11/05/2023,15:14:50,emma,emma@smallbusiness.com,brusselsguide.com/,GET,403
10/11/2023,12:44:32,zaid,zaid@smallbusiness.com,skymem.com/document.aspx?name=email-2011-2-14t07-50-14.5615z-e63c718e502d48fd838594c70b209cbd,POST,200
19/12/2023,18:54:25,john,john@smallbusiness.com,www.bjcurio.com/js/index.htm?us.battle.net/login/en/?ref=nubsyimus.battle.net/d3/en/index&amp;app=com-d3,GET,504
14/11/2023,23:11:08,sam,sam@smallbusiness.com,bowen-groves.ca/Home_Page2,GET,400
17/06/2023,20:49:07,quinn,quinn@smallbusiness.com,koreanfilm.org/films2005.html,POST,503
25/10/2023,13:41:17,quinn,quinn@smallbusiness.com,fans.canadiens.nhl.com/community/topic/18188-habs-avatars/,GET,501
15/03/2023,14:58:55,ethan,ethan@smallbusiness.com,www.techhit.com/TwInbox,GET,501
15/07/2023,13:02:12,quinn,quinn@smallbusiness.com,ask.az/chat/cgi-bin/source.php,GET,503
02/05/2023,06:41:41,quinn,quinn@smallbusiness.com,91.232.29.83/sdfsgsdsdssdf/gate.php,GET,301
03/02/2024,13:21:49,josh,josh@smallbusiness.com,archive.org/details/JeanSablon-01-10,GET,502
10/08/2023,01:28:00,tahmid,tahmid@smallbusiness.com,frtyffe.info/,GET,401
04/03/2023,18:39:31,zaid,zaid@smallbusiness.com,tomorrowawards.com/showcase_archive.php?showcase_id=497,POST,400
28/09/2023,23:59:08,emma,emma@smallbusiness.com,biophyt.net/csss/USU/USUSecureLogin.html,POST,503
13/01/2024,12:11:04,alex,alex@smallbusiness.com,atrex.ca/login/yahoo/loginsuccess.htm,GET,500
21/10/2023,16:18:03,mary,mary@smallbusiness.com,twincochina.com/,GET,504
23/04/2023,21:41:29,anees,anees@smallbusiness.com,forzaitalia.com.au/blog/wp-content/themes/forzaitalia/silent/host/,GET,500
07/09/2023,12:26:35,alex,alex@smallbusiness.com,polmatdachy.pl/docsview/home/,GET,500
23/04/2023,08:29:43,josh,josh@smallbusiness.com,id0498372885938paypal.com.au.account.verification-re5983202k.com.au.mubashar786.com/.vbv/bebb0297a49849066e4226b55ee07f58/b705cb9cd40aacc99491886f26d2f0e2/webscr.php,POST,401
17/08/2023,04:50:35,sam,sam@smallbusiness.com,dataopedia.com/knbr-com,POST,200
26/07/2023,19:10:43,siratt,siratt@smallbusiness.com,www.cs.brown.edu/cgc/wads2001/,POST,503
18/07/2023,01:54:10,zaid,zaid@smallbusiness.com,infoplease.com/ce6/people/A0807509.html,GET,502
12/07/2023,17:07:08,ethan,ethan@smallbusiness.com,en.wikipedia.org/wiki/The_Battleship_Potemkin,POST,200
29/06/2023,23:05:26,emma,emma@smallbusiness.com,windycitygridiron.com/2011/6/16/2227859/brandon-manumaleuna-is-the-least-efficient-pass-blocking-te,POST,401
19/12/2023,20:16:02,ethan,ethan@smallbusiness.com,naruphotography.com/css/loud/loud,POST,501
21/09/2023,01:08:11,siratt,siratt@smallbusiness.com,mail.molegi.com/wp1/3.php?kod=&amp;kod2=&amp;username=,GET,200
30/04/2023,05:49:12,josh,josh@smallbusiness.com,ebay.com/sch/i.html?_nkw=mc+hammer+pants,POST,503
03/10/2023,21:20:12,josh,josh@smallbusiness.com,maps.uchicago.edu/north/bartlett.html,GET,302
26/05/2023,22:47:06,ethan85,ethan85@smallbusiness.com,ksl.com/?nid=148&sid=18007717,GET,501
10/05/2023,12:57:10,john9,john9@smallbusiness.com,skladst.ru/74t3nf4gv4,POST,502
17/01/2024,19:09:18,alex,alex@smallbusiness.com,baseball-reference.com/players/l/lamanra01.shtml,POST,401
31/10/2023,13:48:35,josh,josh@smallbusiness.com,onushilon.org/vjm9wgb,POST,503
09/11/2023,04:54:08,alex,alex@smallbusiness.com,xa1.yimg.com/kq/groups/27430536/1481876065/name/notification%20of%20limited%20account.htm,POST,500
03/02/2024,10:17:46,tahmid57,tahmid57@smallbusiness.com,theme.wordpress.com/themes/tapestry/,POST,401
17/03/2023,16:35:22,anees20,anees20@smallbusiness.com,appcarri3.sslblindado.com/app-carrinho/Smart_TV_LED_55_LG_55LH6000_Full_HD_com_Conversor_Digital_Wi-Fi_Miracast_WiDi_2_USB_3_HDMI/Samsung/,GET,504
19/06/2023,23:36:32,sam,sam@smallbusiness.com,butchersbestmarket.com/,GET,404
03/03/2023,18:49:38,tahmid,tahmid@smallbusiness.com,archive.chicagobreakingnews.com/2008/12/canadian-national-railway-rail-deal-approved.html,GET,300
13/08/2023,10:11:45,anees34,anees34@smallbusiness.com,www.sferyx.com/htmleditorapplet/,GET,300
22/09/2023,08:35:46,zaid,zaid@smallbusiness.com,adventurestats.com/tables/EVERFEM2001vac.htm,GET,403
15/09/2023,15:25:44,ethan,ethan@smallbusiness.com,lib.uiowa.edu/spec-coll/MSC/ToMsc150/MsC103/MsC103_dewey.html,POST,500
27/03/2023,15:09:19,ethan85,ethan85@smallbusiness.com,imdb.it/name/nm0001811/,GET,404
17/07/2023,06:22:05,john,john@smallbusiness.com,tzjwrml.com/temp%5Fimg/,POST,400
05/01/2024,02:26:41,ethan,ethan@smallbusiness.com,www.1-anwalt.de/jkYTFhb7,GET,404
19/09/2023,18:51:10,sam,sam@smallbusiness.com,realestate.si21.com/New_buildings/Slovenia.d194/South_primorska.r6/Sezana.p71/Kriz_pri_Sezani.n1163/,POST,400
27/08/2023,20:52:48,sam,sam@smallbusiness.com,mfadaily.com/,GET,500
24/08/2023,02:25:58,ethan,ethan@smallbusiness.com,articles.latimes.com/1995-05-05/business/fi-62824_1_marion-merrell-dow,POST,400
08/11/2023,03:42:18,siratt,siratt@smallbusiness.com,wysk.com/News/FLS/2004/072004/,GET,401
09/12/2023,00:57:30,sam,sam@smallbusiness.com,greatesthockeylegends.com/2007/05/1959-60-montreal-canadiens.html,POST,501
22/02/2023,08:59:29,mary,mary@smallbusiness.com,lowell.com/visit-lowell/,POST,401
03/01/2024,23:23:07,sam,sam@smallbusiness.com,home.gwi.net/~frenchgen/otownbk.htm,POST,400
01/12/2023,18:22:53,alex,alex@smallbusiness.com,taiwanexcellence.com.vn/templates/system/Paypal-Com/webscr.php?amp;dispatch=5885d80a13c0db1f1ff80d546411d7f8a8350c132bc41e0934cfc023d4e8f9e578603820420ea060f79664f93f8a73d478603820420ea060f79664f93f8a73d4&amp;amp;cmd=_login-run,POST,404
26/10/2023,10:53:22,emma,emma@smallbusiness.com,www.mopr-not.tk/cert/login.asp,POST,502
17/06/2023,10:01:37,john,john@smallbusiness.com,polishtoledo.blogspot.com/,GET,502
08/11/2023,15:25:42,mary,mary@smallbusiness.com,1yutzyrecidivee.echoconsortium.co.uk/spv0t6e6gq.php\nxhamster-video.com/top/ads.html?contentid=9532,GET,301
29/08/2023,12:38:22,tahmid,tahmid@smallbusiness.com,msha.gov/fatals/fabm2011.asp,POST,500
02/03/2023,18:10:06,tahmid,tahmid@smallbusiness.com,inflazz.com/wp-admin/user/alibaba.htm,POST,500
19/03/2023,19:55:32,zaid86,zaid86@smallbusiness.com,animalpicturesarchive.com/list.php?qry=common%20chameleon,POST,501
14/01/2024,11:29:58,mary,mary@smallbusiness.com,www.asweforgivemovie.com/~conocimi/webscr/pp/us/www.Paypal.com/webscr.php,GET,504
02/09/2023,16:12:56,ethan,ethan@smallbusiness.com,192.com/atoz/people/morris/dominic/,GET,503
28/12/2023,12:48:21,ethan92,ethan92@smallbusiness.com,en.wikipedia.org/wiki/Bank_of_Africa_(Uganda),GET,301
18/02/2023,05:08:15,ethan,ethan@smallbusiness.com,www.sigmasustainability.com/vtigercrm/license/Cliente.html?PERFIL30940-349G,POST,300
04/05/2023,23:15:45,john,john@smallbusiness.com,exposummitturkey.com/,POST,200
13/10/2023,02:34:24,sam,sam@smallbusiness.com,historyforsale.com/html/display.aspx?page=31&sort=0&start=54&signer=,GET,501
07/11/2023,21:23:02,siratt,siratt@smallbusiness.com,musictory.com/music/Lhasa+De+Sela,POST,504
07/07/2023,01:37:40,emma,emma@smallbusiness.com,baseball-reference.com/players/r/rossejo01.shtml,GET,400
10/01/2024,16:14:52,josh,josh@smallbusiness.com,mercadolivre.com.br.premiosfidelidade2012.com.br/,GET,400
11/12/2023,17:12:24,mary,mary@smallbusiness.com,www.dogsandtails.be/3tpp9,GET,403
25/12/2023,09:04:20,alex,alex@smallbusiness.com,www.angelfire.com/ks3/redrockinv/,GET,302
06/10/2023,14:31:31,anees,anees@smallbusiness.com,heavymetal.about.com/od/augury/fr/Augury-Concealed-Review.htm,POST,403
01/05/2023,08:31:49,zaid,zaid@smallbusiness.com,www.meyerweb.com/eric/tools/color-blend/,GET,301
29/10/2023,03:27:14,josh,josh@smallbusiness.com,findagrave.com/cgi-bin/fg.cgi?page=gr&GRid=6717499,GET,504
13/08/2023,09:00:42,quinn,quinn@smallbusiness.com,flickr.com/photos/keleka656/5597060374/,POST,301
10/05/2023,22:01:16,tahmid52,tahmid52@smallbusiness.com,business.telus.com/fr_CA/content/demos/Collaboration/Training-Rooms-Flash/training-room.html,GET,200
11/01/2024,03:00:55,anees,anees@smallbusiness.com,java.sun.com/products/jtapi/,POST,401
08/07/2023,04:07:27,zaid,zaid@smallbusiness.com,mcdanielathletics.com/sports/fball/history/captains,POST,301
24/07/2023,07:59:51,sam,sam@smallbusiness.com,polkandpolklaw.com/plugins/system/p3p/Bradesco.Atendimento/ibpflogin/index.php,POST,501
14/11/2023,17:00:21,tahmid,tahmid@smallbusiness.com,youngatheartindenver.com/,POST,301
11/10/2023,16:18:13,john,john@smallbusiness.com,thefreedictionary.com/Ordovician,POST,501
28/05/2023,15:20:26,siratt,siratt@smallbusiness.com,ca.linkedin.com/pub/dir/Maurice/+/ca-4864-Ontario%2C-Canada,GET,302
25/01/2024,17:02:07,tahmid,tahmid@smallbusiness.com,hlanz.org/billing/system/info/update/webscr/screaming/a334b949df3aa153511cd5c73d3100e9/,GET,300
31/10/2023,07:19:54,siratt,siratt@smallbusiness.com,idea.uwosh.edu/nick/usingppt.htm,POST,501
30/09/2023,16:52:11,siratt,siratt@smallbusiness.com,spazokefalies.com/templates/TiW0BQ9t,POST,403
09/01/2024,22:56:30,siratt,siratt@smallbusiness.com,stylecourt.blogspot.com/2008/02/going-wall-to-wall.html,GET,502
30/04/2023,18:03:23,quinn,quinn@smallbusiness.com,prettymuchamazing.com/reviews/albumreviews/whitemagic,GET,300
04/03/2023,21:46:47,josh,josh@smallbusiness.com,pipl.com/directory/people/Chuck/Bos,POST,300
17/10/2023,08:44:18,emma,emma@smallbusiness.com,fe.psu.edu/Academics/16523.htm,POST,200
22/07/2023,09:01:29,ethan,ethan@smallbusiness.com,sportscardradio.com/index.php/product-previews-a-reviews/1014-2011-topps-gridiron-legends-football-checklist,POST,301
16/06/2023,02:58:31,alex,alex@smallbusiness.com,jetblue.com/about/work/,POST,500
03/08/2023,09:16:34,john,john@smallbusiness.com,amazon.com/Man-Who-Lost-Himself/dp/0771018649,POST,400
31/12/2023,06:54:42,ethan,ethan@smallbusiness.com,egymiss.com/up/login.php,POST,503
02/02/2024,13:55:35,john,john@smallbusiness.com,miamiherald.typepad.com/flapanthers/2011/11/flapanthers-notebook-robb-tallas-newest-us-citizen-mikael-samuelsson-skates-in-coral-springs.html,POST,403
06/03/2023,07:07:22,josh,josh@smallbusiness.com,visitfallonnv.com/omrvygf,POST,500
09/05/2023,12:35:41,sam85,sam85@smallbusiness.com,facebook.com/pages/Janina-Fialkowska/138018482953028,GET,504
28/07/2023,23:47:09,quinn,quinn@smallbusiness.com,googlewind.com/s/Barbara+Graham+Execution/,POST,301
20/04/2023,14:28:08,tahmid,tahmid@smallbusiness.com,youask.ru/wp-content/plugins/http/paypaI/com/en/webapps/mpp/home/,POST,302
09/12/2023,19:54:36,josh,josh@smallbusiness.com,nfl.com/player/stevedeberg/2500356/profile,POST,504
20/07/2023,14:21:33,siratt,siratt@smallbusiness.com,tribech.com/74t3nf4gv4,GET,501
07/10/2023,07:20:25,emma,emma@smallbusiness.com,midamericon.org/photoarchive/worldcons.htm,POST,504
07/03/2023,16:56:49,mary,mary@smallbusiness.com,207.210.103.242/~twoxtwo/.wp_webmaster/cp.php?m=login,POST,503
27/09/2023,06:57:24,anees,anees@smallbusiness.com,caselaw.lp.findlaw.com/scripts/getcase.pl?navby=search&case=/data2/circs/6th/970358p.html,GET,501
14/12/2023,05:32:31,tahmid53,tahmid53@smallbusiness.com,atlanta.bside.com/2011/?wicket:bookmarkablePage=:com.bsideinc.bsidecom.wicket.BsideBrowserInfoPage&cto=/2011/?wicket:bookmarkablePage%3D:com.bsideinc.bsidecom.wicket.BsideBrowserInfoPage%26cto%3D/2011/films/snowonthabluff_damonrussell_atlanta2011,GET,302
11/04/2023,03:45:13,ethan,ethan@smallbusiness.com,northdakotaauctionguide.com/,POST,400
30/07/2023,18:02:15,zaid,zaid@smallbusiness.com,tabs.ultimate-guitar.com/a/anastacia/left_outside_alone_crd.htm,POST,300
19/11/2023,16:24:31,quinn,quinn@smallbusiness.com,sites.google.com/a/collaboratory.northwestern.edu/what-i-am-thankful-for/frederick-school--grayslake--il/mrs--sloan-s-class/i-am-thankful-by-mackenzie,POST,301
17/12/2023,19:50:30,sam,sam@smallbusiness.com,www.flaxmeregarden.co.nz/kort/4484f40dacd6eeb5f7ce808f91429223/,GET,300
19/06/2023,03:22:22,anees,anees@smallbusiness.com,photobooths2u.com/iuwerysad892021sad/cofirmuk.php?personal-UK,POST,301
20/05/2023,14:41:55,mary,mary@smallbusiness.com,vantaiduccuong.com/kom/Gdoccc/index.php,GET,400
20/06/2023,05:17:53,alex15,alex15@smallbusiness.com,fxprz.hohyzuketexppw.com/y0us5kvm9e\nwww.collegedealstraining.com/ef7b074b6035f2df6ac42bf7d6ad126f.php?q=eae5491e134da5aa916f0bb3b376bbbe,GET,300
30/03/2023,00:30:37,siratt,siratt@smallbusiness.com,evri.com/person/isaiah-rider-0x90648,GET,403
26/01/2024,11:08:55,john90,john90@smallbusiness.com,tvapublications.com/advertising/main+en+01_100+magazines_et_hebdos_Yoopa.html?magazineID=11,POST,504
21/05/2023,18:58:46,siratt,siratt@smallbusiness.com,experience-catholic-pilgrimages.com/aquino-italy.html,POST,300
02/04/2023,09:37:05,tahmid,tahmid@smallbusiness.com,www.quaking.demon.co.uk/ksnuffle.manual/,GET,403
29/07/2023,06:23:27,tahmid,tahmid@smallbusiness.com,navy.mil/search/display.asp?story_id=27536,POST,300
05/11/2023,14:19:23,alex,alex@smallbusiness.com,schooldesigns.com/Project-Details.aspx?Project_ID=760,POST,401
18/12/2023,01:41:06,alex67,alex67@smallbusiness.com,backissues.gatefold.com/playboy-back-issues/1970s/1978/playboy-october-1978.html,POST,501
15/03/2023,10:14:43,quinn,quinn@smallbusiness.com,envirotechpestcontrol.co.uk/paypal/,GET,301
14/03/2023,03:30:24,josh,josh@smallbusiness.com,us.battle.net.account.bettlenet.tk/login.asp?ref=us.battle.net/account/management/index.xml&app=bam,POST,300
03/09/2023,20:46:28,anees,anees@smallbusiness.com,en.wikipedia.org/wiki/Julian_Osgood_Field,GET,302
08/12/2023,15:44:56,sam,sam@smallbusiness.com,yidio.com/celebrity/gerard+butler,POST,300
08/03/2023,22:28:13,mary,mary@smallbusiness.com,spenk.co.uk/bad_scampage_script/,GET,404
06/02/2024,15:07:33,anees,anees@smallbusiness.com,imdb.com/title/tt0178145/fullcredits,POST,501
02/09/2023,07:08:42,anees,anees@smallbusiness.com,simad.com.br/paypal/,GET,200
23/04/2023,21:28:28,quinn,quinn@smallbusiness.com,slencyclopedia.berlios.de/Palmax/,GET,500
19/10/2023,21:22:26,sam,sam@smallbusiness.com,thecomedypoint.com/2011/10/29/craig/,GET,500
27/11/2023,05:13:39,zaid,zaid@smallbusiness.com,ticketcity.com/nhl-tickets/nhl-east/ottawa-senators-tickets.html,POST,301
14/04/2023,08:51:45,emma,emma@smallbusiness.com,mxp2151.com,GET,500
09/10/2023,07:56:57,anees,anees@smallbusiness.com,absoluteastronomy.com/topics/Henry_Morgentaler,GET,200
16/07/2023,06:20:08,quinn,quinn@smallbusiness.com,123people.com/s/harold+helm,GET,300
28/05/2023,14:31:17,john,john@smallbusiness.com,homepage.eircom.net/~cagey1/gilintl,POST,400
19/03/2023,05:38:21,quinn,quinn@smallbusiness.com,luchtenbergdecor.com.br/gcbelfuqbk/ygjbemlcsd.js,GET,403
07/04/2023,15:11:07,siratt,siratt@smallbusiness.com,boundlesswayzen.org/teishos/whoyoulookingat.html,GET,500
09/02/2024,03:52:29,sam,sam@smallbusiness.com,en.wikipilipinas.org/index.php?title=Mount_Samat,POST,400
18/11/2023,22:32:37,siratt,siratt@smallbusiness.com,myspace.com/artsight,POST,401
16/05/2023,02:21:57,emma,emma@smallbusiness.com,chat-fun-webcam2.blogspot.com/,POST,300
26/05/2023,10:51:37,josh,josh@smallbusiness.com,wordsdeals.com/paul-sr-vs-paul-jr-court-case.html,POST,504
27/12/2023,12:09:51,siratt40,siratt40@smallbusiness.com,zdiaran.sk/,POST,502
25/10/2023,14:46:39,zaid,zaid@smallbusiness.com,www.e-motional.com/TScreenLock.htm,GET,500
09/12/2023,05:26:40,tahmid,tahmid@smallbusiness.com,rickosborne.org/Knowbuddy/gnutellafaq.html,GET,400
15/12/2023,03:13:20,anees,anees@smallbusiness.com,articles.latimes.com/2010/jun/30/local/la-me-passings-20100630,GET,502
21/04/2023,17:52:26,ethan,ethan@smallbusiness.com,talk-sports.net/nhl/girlfriend.aspx/MarcEdouard_Vlasic,POST,401
03/05/2023,11:58:14,sam,sam@smallbusiness.com,vchs-inc.com/gallery2/search/?q=free-blank-audiogram-template,GET,301
23/11/2023,09:29:23,sam,sam@smallbusiness.com,facebook.com/bloomberght.comedy,GET,502
04/08/2023,07:07:15,anees,anees@smallbusiness.com,louisiana.jobs.topusajobs.com/,GET,300
09/02/2024,22:08:15,siratt,siratt@smallbusiness.com,en.wikipedia.org/wiki/Disney-ABC_Domestic_Television,GET,403
18/05/2023,02:13:38,tahmid,tahmid@smallbusiness.com,rapidsubs.com/subtitles/Biutiful.html,POST,502
24/09/2023,05:59:12,sam,sam@smallbusiness.com,mousebreaker.com/games/eagleeye,GET,403
10/10/2023,11:44:14,tahmid,tahmid@smallbusiness.com,amazon.com,POST,200
23/07/2023,19:21:19,josh,josh@smallbusiness.com,aschulman.com/Global/All/Technology/1/Product_Technology_Centers.aspx,POST,504
03/03/2023,20:36:12,sam44,sam44@smallbusiness.com,quicklinks.download/rss/feed/stream,GET,301
02/10/2023,19:49:38,tahmid61,tahmid61@smallbusiness.com,intporn.com/forums/amateur-xxx-videos/1452453-wonderful-upskirts-sexy-girls.html,GET,302
17/09/2023,02:09:43,anees,anees@smallbusiness.com,'9d345009-a-62cb3a1a-s-sites.googlegroups.com/site/stickamcomlogindo/login.html?amp\%3Battredirects=2&amp;attachauth=ANoY7cpzZPC2qnO4V_qwhJsXR-K4LC0Hm8O8gAwaePt-bu0BuqsOKkGdkakFpbdAQmsUaa48V-pxNuJzA6czEKcb4IoPPLHMBSJkmWKs1mNS8D31f9ktHQ2tdrGxuNWXIQRg44wcZG8YK_sFOkdPVR6Oui_aoqjOW4Igh5PttYqZgyYrkPGaeI9hJuTJIQAgIgLD-pNPsLvPwN8mOEP2JNEodKwVaSGmbA\%3D\%3D&amp;attredirects=0',GET,501
05/02/2024,21:07:13,anees,anees@smallbusiness.com,news.concordia.ca/faculties/014758.shtml,POST,403
21/05/2023,22:09:19,josh30,josh30@smallbusiness.com,www.biology.duke.edu/wilson/Book/,POST,500
02/12/2023,04:13:41,ethan,ethan@smallbusiness.com,https://rakuten-card.yywtfvy.cn/,POST,200
23/02/2023,09:53:35,zaid,zaid@smallbusiness.com,chile-hotels.com/,POST,301
09/09/2023,00:45:57,josh,josh@smallbusiness.com,https://dsk-direct.com,POST,200
05/03/2023,02:19:27,sam,sam@smallbusiness.com,facebook.com/group.php?gid=126651240686415,GET,502
14/12/2023,00:53:23,john,john@smallbusiness.com,legacy.com/obituaries/mainlinemedianews/obituary.aspx?n=nina-boyle-pendergast&pid=148464726,GET,504
18/12/2023,00:04:28,josh,josh@smallbusiness.com,blog.therealtechn9ne.com/2010/12/tech-n9ne/tech-n9ne-live-in-kansas-city-video/,POST,404
07/06/2023,21:17:37,mary,mary@smallbusiness.com,ipp-diz.ru/v8v4pqp,GET,500
06/07/2023,08:03:44,john,john@smallbusiness.com,ahsapoyungruplari.net/manset/js/wilkommen.php?cmd=_login-run&amp;dispatch=5885d80a13c0db1f1ff80d546411d7f84f1036d8f209d3d19ebb6f4eeec8bd0e9b289deea97047cfa8077dec984eff2f9b289deea97047cfa8077dec984eff2f,GET,301
28/06/2023,12:32:37,siratt,siratt@smallbusiness.com,absoluteastronomy.com/topics/Poland_national_football_team,GET,301
17/12/2023,11:56:08,ethan,ethan@smallbusiness.com,linkedin.com/pub/morris-owens/15/556/53b,POST,400
05/09/2023,07:32:35,ethan,ethan@smallbusiness.com,judgememorial.com/,GET,302
17/05/2023,21:03:35,alex,alex@smallbusiness.com,To:?You?,POST,502
29/10/2023,13:44:33,john,john@smallbusiness.com,Thu 28/03/2024 13:53,POST,404
29/05/2023,08:57:08,anees,anees@smallbusiness.com,https://weepink.click/iexx/,POST,200
10/05/2023,21:20:12,john,john@smallbusiness.com,guzelleravm.com/images/,GET,200
08/08/2023,10:29:16,alex,alex@smallbusiness.com,todotango.com/english/gardel/cronicas/gardel_peliculas.asp,POST,300
17/04/2023,07:31:53,mary,mary@smallbusiness.com,peoplecanfly.com/blog/,GET,401
10/07/2023,06:10:43,quinn,quinn@smallbusiness.com,locatetv.com/person/edward-asner/15487,GET,200
10/05/2023,23:00:28,alex,alex@smallbusiness.com,scribd.com/doc/52443025/Church-of-Scientology-FBI-FOIA-L-Ron-Hubbard-Part-08,GET,400
11/12/2023,00:12:02,sam,sam@smallbusiness.com,airfixcommercial.com.au/time-share/archive/folder/d00/gw/auth/view/document,POST,502
26/04/2023,07:40:58,emma,emma@smallbusiness.com,http://wicar.org/,POST,200
27/03/2023,13:14:09,emma,emma@smallbusiness.com,cathedraldesign.org/,GET,300
20/09/2023,11:08:23,ethan,ethan@smallbusiness.com,forums.5atexasfootball.com/showthread.php?t=70005&page=3,POST,403
15/09/2023,21:16:30,emma,emma@smallbusiness.com,kirijones.net/2b8fnrqm,POST,502
02/07/2023,14:52:38,john,john@smallbusiness.com,crabtour.com/mvbh0,GET,401
20/06/2023,10:34:32,ethan,ethan@smallbusiness.com,en.wikipedia.org/wiki/68k,GET,504
28/05/2023,20:27:28,alex,alex@smallbusiness.com,isobm-congress.org/components/com_user/views/user/-/AtendimentoaoCliente/Regularizacao/de/Seguranca/index3.php,GET,400
14/12/2023,22:40:03,mary32,mary32@smallbusiness.com,cccathedral.org/news.html,GET,503
21/10/2023,15:28:25,zaid89,zaid89@smallbusiness.com,bootlegmoviesfree.org/watch_killer-elite_online_bootleg/,POST,400
10/07/2023,16:53:54,john,john@smallbusiness.com,digilander.libero.it/antony87dgl1/,POST,400
12/10/2023,20:39:06,emma,emma@smallbusiness.com,youtube.com/watch?v=IpPledIGXh4,GET,403
17/07/2023,05:38:12,john,john@smallbusiness.com,cafe-bg.com/8g74crec?QHdhsGbKLK=MyzuYsRUfJ,GET,302
05/05/2023,11:27:53,alex,alex@smallbusiness.com,workingforgoshen.com/mayor-kauffman/,GET,401
26/04/2023,22:36:45,anees,anees@smallbusiness.com,encycl.opentopia.com/term/WTVG,POST,302
19/02/2023,10:37:22,tahmid,tahmid@smallbusiness.com,amlawdaily.typepad.com/amlawdaily/2010/10/husch-blackwell-layoffs.html,GET,200
14/11/2023,03:14:44,john,john@smallbusiness.com,haro-online.com/movies/plunkett.html,GET,400
11/11/2023,13:32:39,emma,emma@smallbusiness.com,www.paypal.ca.7086.secure7u.mx/images/cgi.bin/ca/web.scr/?cmnd=_lg&nav=bddec3afca6514667dc2f37bad7a5c4b,POST,500
31/07/2023,15:09:03,ethan,ethan@smallbusiness.com,www.bannered.4dq.com/monitor/images/SmartNav141216.32.gif,POST,503
16/12/2023,03:16:25,tahmid,tahmid@smallbusiness.com,www.gamespot.com/ds/action/harrypotterandthegobletoffire/,GET,502
20/06/2023,04:22:05,quinn,quinn@smallbusiness.com,reference.com/browse/macaulay,POST,500
20/04/2023,12:45:17,siratt,siratt@smallbusiness.com,saiitalianmarble.com/mmp/weswe/index.htm,GET,502
03/10/2023,08:59:32,emma,emma@smallbusiness.com,www.grantdavis.net/games/pc/Simplify.html,GET,502
20/01/2024,06:20:50,ethan76,ethan76@smallbusiness.com,ok.ccok.asia/login/en/login.html,GET,501
03/04/2023,02:02:19,tahmid,tahmid@smallbusiness.com,teamtalk.com/news/1790,GET,503
01/05/2023,00:38:53,ethan,ethan@smallbusiness.com,gregoryharalson.wordpress.com/,GET,300
12/08/2023,18:24:07,john,john@smallbusiness.com,businessinsider.com/blackboard/oakland-raiders,POST,300
17/06/2023,13:42:01,zaid,zaid@smallbusiness.com,mutterundkind.com/lsk2p,POST,301
07/08/2023,02:14:33,sam,sam@smallbusiness.com,scribd.com/doc/16762424/2006-AFI-Film-Festival-Overview-Film-Reviews,POST,300
30/06/2023,06:35:22,mary,mary@smallbusiness.com,videotron.conseillerensecurite.com/en/html/index.html,GET,502
22/09/2023,01:11:01,emma,emma@smallbusiness.com,scribd.com/people/view/17164252-fran-oise-marois,POST,302
01/08/2023,11:33:32,zaid,zaid@smallbusiness.com,news.cnet.com/2100-1017-227276.html,POST,401
01/11/2023,06:44:03,zaid,zaid@smallbusiness.com,monroe.ilgenweb.net/births.html,GET,403
08/02/2024,06:22:44,tahmid,tahmid@smallbusiness.com,ctpost.com/news/article/James-Tate-goes-to-the-prom-1410245.php,GET,400
31/12/2023,06:26:16,siratt,siratt@smallbusiness.com,www.taconet.com.tw/fallrain,GET,500
14/12/2023,17:01:02,quinn,quinn@smallbusiness.com,www.freewebs.com/worldslargestdungeon/,GET,400
25/09/2023,13:03:07,emma,emma@smallbusiness.com,icarusfilms.com/subjects/afriamer.html,GET,500
17/12/2023,01:23:23,tahmid,tahmid@smallbusiness.com,gazette.unc.edu/archives/99sep01/file.14.html,GET,401
13/09/2023,04:49:20,anees,anees@smallbusiness.com,pipl.com/directory/name/Daughtry/Sean,POST,200
22/07/2023,09:00:02,quinn,quinn@smallbusiness.com,mskcc.org/mskcc/html/70497.cfm,POST,200
15/09/2023,15:51:06,john3,john3@smallbusiness.com,davidbordwell.net/blog/category/documentary-film/,POST,300
22/06/2023,07:31:49,zaid,zaid@smallbusiness.com,saints.sqpn.com/martyrs-of-september/,POST,503
31/05/2023,00:15:15,zaid,zaid@smallbusiness.com,advanteconsuiting.com/,GET,400
01/05/2023,06:18:32,sam,sam@smallbusiness.com,rpadden.com/cruisebooks.htm,GET,302
01/02/2024,23:24:04,john,john@smallbusiness.com,buckeyesheriffs.org/Ohio%20Sheriffs.htm,POST,503
10/06/2023,15:07:34,anees,anees@smallbusiness.com,unioncountyilmuseum.com/genealogy/funeral-notices,GET,404
11/02/2024,09:50:12,emma,emma@smallbusiness.com,selltwopay.com/wellsfargo/wells/wells/,POST,401
16/06/2023,04:39:06,ethan,ethan@smallbusiness.com,timothius.deviantart.com/,POST,501
17/10/2023,23:47:16,emma,emma@smallbusiness.com,bookfinder.com/author/edward-r-tufte/,GET,500
07/12/2023,22:51:32,siratt,siratt@smallbusiness.com,myspace.com/video/vid/48695890,POST,300
09/02/2024,20:19:52,siratt,siratt@smallbusiness.com,carvware.com/,POST,300
30/07/2023,22:18:22,quinn,quinn@smallbusiness.com,bbc.co.uk/iplayer/episode/b017ctdh/Come_Fly_with_Me_(The_Story_of_Pan_Am)/,GET,501
07/03/2023,05:18:20,josh,josh@smallbusiness.com,hs.facebook.com/people/Robert-T-Williams/1507482651,POST,500
29/04/2023,12:52:45,john,john@smallbusiness.com,aa.com/homePage.do,POST,503
07/04/2023,11:11:20,emma7,emma7@smallbusiness.com,drowikk.w.interia.pl/gildia.html,GET,400
07/12/2023,03:32:30,tahmid26,tahmid26@smallbusiness.com,globetrotter-games.com/index.htm?E&amp;game/eDragDi.htm,POST,503
14/08/2023,06:57:55,quinn,quinn@smallbusiness.com,space4elephants.org/74t3nf4gv4,POST,200
08/09/2023,16:33:15,tahmid,tahmid@smallbusiness.com,angorabric.org/t67bg,POST,300
23/07/2023,13:24:33,emma,emma@smallbusiness.com,greendorchester.blogspot.com/,GET,501
18/09/2023,21:19:47,siratt,siratt@smallbusiness.com,computercertificationcenters.com/science/,POST,504
24/10/2023,22:04:04,josh,josh@smallbusiness.com,inzoku.5starwindshieldsllc.info/cornea/viewtopic.php?f=217&amp;q=&amp;t=5707973,POST,300
23/01/2024,01:27:01,ethan55,ethan55@smallbusiness.com,transfermarkt.co.uk/en/nelson-borges-da-costa/profil/spieler_145814.html,GET,404
28/04/2023,14:05:38,john,john@smallbusiness.com,hardsextube.com/video/299582/Naked-Bowling-Battle-With-Cassia-Riley--Vivian-Chase,POST,401
27/05/2023,05:02:07,josh,josh@smallbusiness.com,manage.hummerlauncher.com:10010/c/40,GET,400
24/11/2023,03:00:39,john,john@smallbusiness.com,lonelyplanet.com/maps/europe/italy/,GET,400
16/04/2023,11:24:27,quinn,quinn@smallbusiness.com,club-mikayla.com/,GET,302
02/07/2023,00:47:54,siratt,siratt@smallbusiness.com,ascp.lockton-ins.com/,POST,501
21/10/2023,17:11:30,quinn,quinn@smallbusiness.com,www.chami.com/whoisnot/,POST,500
11/12/2023,09:38:18,alex50,alex50@smallbusiness.com,www.vizlogix.com/SolidFX.html,GET,401
26/09/2023,21:17:14,zaid,zaid@smallbusiness.com,youtube.com/watch?v=KLuAnlQDpkM,POST,500
06/12/2023,02:40:03,quinn,quinn@smallbusiness.com,thxlove.com/odulqznn7,POST,404
16/09/2023,23:14:54,anees,anees@smallbusiness.com,juhuj.com/open-file-zip-convert-zip-download-zip.htm,GET,502
31/03/2023,03:11:14,zaid,zaid@smallbusiness.com,colagens.com/bdb37,GET,504
23/12/2023,15:02:37,josh,josh@smallbusiness.com,facebook.com/pages/Davidson-Wildcats-Basketball/154290844582081,POST,500
18/09/2023,23:18:50,sam,sam@smallbusiness.com,kkytbs.org/Online/fused/index.cfm?fuseaction=ChapterDirectory.DisplayChapterList&Layout=TBS&Organization=TBS,GET,504
07/10/2023,09:03:35,siratt,siratt@smallbusiness.com,youtube.com/watch?v=AIBwAtHkpEU,GET,200
19/01/2024,10:57:59,anees,anees@smallbusiness.com,mahalo.com/olaf-kolzig/,GET,401
17/01/2024,21:42:46,mary,mary@smallbusiness.com,boards.ancestry.com/localities.weurope.italy.veneto.general/271/mb.ashx,GET,504
06/03/2023,13:06:13,josh,josh@smallbusiness.com,en.wikipedia.org/wiki/Ford_Focus,GET,404
21/04/2023,08:34:36,ethan28,ethan28@smallbusiness.com,guitaretab.com/a/axel-rudi-pell/,POST,302
04/07/2023,09:45:28,tahmid,tahmid@smallbusiness.com,imdb.com/name/nm0287071/,GET,503
28/09/2023,17:09:21,ethan,ethan@smallbusiness.com,enotes.com/topic/Duchess_Marie_Th%C3%A9r%C3%A8se_of_W%C3%BCrttemberg,GET,401
08/03/2023,12:51:40,quinn,quinn@smallbusiness.com,users11.jabry.com/noldar3/Pay_Form_Ec_Cvv2.html,GET,504
29/04/2023,21:58:17,tahmid72,tahmid72@smallbusiness.com,moviestation.org/actor/222080/Amanda,GET,400
19/03/2023,00:54:55,quinn,quinn@smallbusiness.com,bleacherreport.com/articles/710444-college-football-2011-50-things-you-absolutely-will-not-see-this-season,GET,504
15/08/2023,10:23:55,john,john@smallbusiness.com,trulia.com/schools/CA-Oakland/Head-royce_School/,GET,400
16/06/2023,22:45:54,mary,mary@smallbusiness.com,facebook.com/pages/Wil-Wheaton/107918219228212,POST,401
19/02/2023,10:44:29,sam,sam@smallbusiness.com,cbsnews.com/stories/2008/09/23/national/main4470672.shtml,POST,502
11/01/2024,09:28:21,ethan,ethan@smallbusiness.com,simplyhired.com/a/salary/search/q-HMSHOST,GET,501
02/08/2023,14:59:17,john,john@smallbusiness.com,mxp1097.com,GET,200
19/10/2023,18:48:20,zaid,zaid@smallbusiness.com,air88.ddns.us/js/af130901.jpg,POST,503
17/11/2023,12:14:15,john,john@smallbusiness.com,www.bedfordstmartins.com/Catalog/static/bsm/markel_tutorial/,GET,200
27/07/2023,21:52:31,mary,mary@smallbusiness.com,youtube.com/watch?v=D7kLRXLWDt0,GET,502
19/11/2023,03:24:03,alex,alex@smallbusiness.com,lifecare-hc.com/8v4jr,GET,200
15/07/2023,06:31:16,john100,john100@smallbusiness.com,canada-campgrounds.com/quebec/saint-donat-de-montcalm/,POST,401
28/01/2024,15:24:09,john,john@smallbusiness.com,bandkhasi.net/3b1cyor,GET,301
31/10/2023,03:06:56,john,john@smallbusiness.com,www.bjcurio.com/js/index.htm?us.battle.net/login/en/?ref=pozjazcus.battle.net/d3/en/index&app=com-d3,GET,404
07/04/2023,17:33:17,zaid,zaid@smallbusiness.com,www.musicprep.com/sibelius/,GET,404
11/03/2023,15:05:03,ethan,ethan@smallbusiness.com,bandmix.com/mandolin/all/,POST,300
23/01/2024,12:55:14,mary,mary@smallbusiness.com,pfhvjhy53djh.xyz/,POST,502
04/02/2024,22:49:45,john,john@smallbusiness.com,65.181.122.39/~facebook/carregandoimagens00112299988mmxcvsVCLJKENAytftfvbwei5463425634363.mp3,POST,502
11/08/2023,12:31:24,josh68,josh68@smallbusiness.com,facebook.com/people/Eric-Vigen/1341763519,POST,301
23/12/2023,02:22:58,emma,emma@smallbusiness.com,jcnnhs.com/js/,GET,501
06/01/2024,21:12:15,zaid6,zaid6@smallbusiness.com,associatedcontent.com/article/452633/houston_dynamo_2007_mls_cup_champions.html,GET,300
30/07/2023,11:00:32,ethan,ethan@smallbusiness.com,www.fumdepaz.com/form/forms/form1.html,POST,500
15/12/2023,16:48:02,quinn69,quinn69@smallbusiness.com,linkedin.com/pub/tim-stokes/4/3a9/9a8,POST,500
07/10/2023,19:40:14,john,john@smallbusiness.com,lpmxp1023.com,POST,301
08/03/2023,14:05:19,tahmid,tahmid@smallbusiness.com,sup-elec-fr.webs.com/,GET,501
22/07/2023,19:08:11,alex10,alex10@smallbusiness.com,alexa.com/siteinfo/bourse-de-paris.fr,GET,200
02/01/2024,03:14:16,tahmid,tahmid@smallbusiness.com,jango.com/music/Arcade+Fire?l=0,POST,200
09/04/2023,03:46:20,josh,josh@smallbusiness.com,en.wikipedia.org/wiki/Jean_Jacques_Paradis,POST,500
07/07/2023,19:05:46,quinn,quinn@smallbusiness.com,habbobeta3d.rel7.com/,POST,404
28/08/2023,18:17:29,tahmid,tahmid@smallbusiness.com,animalerieplus.ca/cli/usaaweb1.php,POST,501
29/03/2023,09:05:48,tahmid,tahmid@smallbusiness.com,answers.com/topic/cae-company,POST,403
26/05/2023,13:01:27,anees,anees@smallbusiness.com,earthsky.org/tonight/look-for-saturn-and-spica-low-in-the-dawn-sky,POST,300
08/11/2023,15:49:17,quinn,quinn@smallbusiness.com,carlpotts.eu/?p=159,POST,301
14/06/2023,15:18:10,ethan,ethan@smallbusiness.com,www.mercury.com/us/products/application-management/foundation/monitors/sitescope/,GET,300
28/10/2023,07:43:43,josh,josh@smallbusiness.com,megafun4kids.com/,GET,301
19/03/2023,11:42:26,josh,josh@smallbusiness.com,freepages.genealogy.rootsweb.ancestry.com/%7Ewjmartin/butchers.htm,GET,300
16/01/2024,23:40:43,josh17,josh17@smallbusiness.com,www.llnl.gov/graphics/ROAM/,GET,400
09/01/2024,05:59:51,quinn,quinn@smallbusiness.com,angelosbridal.com/ukclassifieds/2175.htm,GET,504
17/09/2023,16:19:22,siratt,siratt@smallbusiness.com,ib.adnxs.com/tt?id=2633605&cb=1399487933&referrer=photogallery.indiatimes.com,GET,301
10/03/2023,07:09:43,quinn,quinn@smallbusiness.com,studentsmetro.com/textbooks/,POST,403
11/09/2023,18:40:53,siratt,siratt@smallbusiness.com,seroca.com/8f72pw,GET,301
04/05/2023,20:18:54,emma,emma@smallbusiness.com,canadianhotelguide.com/ca/Ontario-hotels/Windsor-hotels/Travelodge_Hotel_Downtown_Casino_Windsor-hotel.html,GET,504
06/09/2023,08:13:47,tahmid,tahmid@smallbusiness.com,weather.noaa.gov/weather/current/KAOH.html,POST,403
25/07/2023,00:40:52,mary,mary@smallbusiness.com,360antivirus.net/,POST,400
08/08/2023,23:47:37,sam,sam@smallbusiness.com,voices.kansascity.com/entries/kansas-citys-board-of-police-commissioners-the-lost-command/,POST,502
27/11/2023,06:34:25,mary,mary@smallbusiness.com,sharetv.org/person/april_matson,GET,500
14/04/2023,05:13:06,anees,anees@smallbusiness.com,marc-bourassa.com/2010/02/25/megabus-first-experience-not-so-great,GET,302
27/09/2023,05:16:39,siratt,siratt@smallbusiness.com,www.bohemian-creations.com/css/smart/smart/details.htm,POST,301
26/08/2023,06:08:46,ethan,ethan@smallbusiness.com,partyeazy.com/8fh34f3?xeGqGdd=kFwIMGvz,GET,302
02/03/2023,10:39:46,anees,anees@smallbusiness.com,'9d345009-a-62cb3a1a-s-sites.googlegroups.com/site/stickamcomlogindo/login.html?attachauth=ANoY7cqpsObj-q6KqMnJnflEfxMOpyYfsoSEc42QZvNK2YcsON1xHiYHKGhbrta5FtfheMWKd-nOGy1eAC1vyjXAlLUZOga5_jF94OFQSP3cEXN6Yz0AiGyA-BHKfyRKUhsZOuTkNBJasR-8uzEwbcWNeymmE6q2Fwvyb_CJanaqOGLuAh2GkvUZ6ZTh36P3ZcT82U-V-DsR5eykJM4Hmw5dYm7B2nNVVQ\%3D\%3D&amp;attredirects=1',POST,300
30/04/2023,15:11:04,john,john@smallbusiness.com,lorenna-petrov.asia/Panel/,GET,504
21/12/2023,08:54:45,alex,alex@smallbusiness.com,pittsburghtoday.org/PittsburghMSA.html,POST,403
24/05/2023,17:11:13,tahmid,tahmid@smallbusiness.com,noiset.com/demon-s-claws-download,GET,502
18/04/2023,06:20:20,john,john@smallbusiness.com,bibliophage91.wordpress.com/2011/06/13/primary-inversion-catherine-asaro/,GET,404
17/11/2023,10:49:26,anees,anees@smallbusiness.com,'p9.secure.hostingprod.com/\%40doispremiospordiaviver.com/ssl/',GET,301
08/09/2023,02:23:46,ethan,ethan@smallbusiness.com,amazon.com/Life-Too-Short/dp/B0000004UU,POST,404
27/11/2023,19:44:35,emma,emma@smallbusiness.com,www.angelfire.com/fl2/shiningsouth/,POST,401
10/12/2023,10:45:21,sam,sam@smallbusiness.com,empire-aero.com/dhl-express/new/dhl/index.php?l=_jehfuq_vjoxk0qwhtogydw_product-userid&amp;;amp,GET,401
12/10/2023,11:11:07,alex,alex@smallbusiness.com,myspace.com/twelvegauge,GET,501
25/03/2023,12:42:42,john,john@smallbusiness.com,foxnews.com/sports/2011/10/07/blackhawks-stars-begin-season-in-dallas/,POST,500
22/09/2023,12:33:53,ethan,ethan@smallbusiness.com,alliancefilmsdigitalcopy.com/,GET,500
25/01/2024,16:49:19,quinn,quinn@smallbusiness.com,links.owlerinc.com/mpss/c/_gA/E6EdAA/t.21b/qhRa8_PISyKQGJKDoJxnvA/h8/SZkvDP43d6n64-2FdQRNmdMZVAVue-2FvO5mCsvPNLBuwYP-2BF7VWyNudpcT73TMJYrrU8DXPtl59AWlmSht3LOPRH-2BBO-2FctAMOEX-2FXj10I6-2BAVf3mvESpBoUrNXG9rmlG-2F1YvTTKLm-2BidcYkyo03FuW68Pnv0R3CQKdu1nHaBErvC5I-3D,GET,502
03/02/2024,11:13:34,mary,mary@smallbusiness.com,lightning.nhl.com/club/news.htm?id=536532,GET,300
02/09/2023,03:17:56,zaid,zaid@smallbusiness.com,johnnykling.com/,GET,503
12/01/2024,02:00:07,quinn,quinn@smallbusiness.com,www.miek.nl/projects/hdup2/index.html,GET,404
11/02/2024,06:24:47,siratt,siratt@smallbusiness.com,Unlock-Apple-iPhone.com?kw={keyword},GET,401
27/02/2023,22:05:20,sam,sam@smallbusiness.com,detroitpslbasketball.com/?page_id=137,GET,504
23/05/2023,22:35:58,tahmid,tahmid@smallbusiness.com,airlinecrew.net/vbulletin/showthread.php?178279-Rumours-of-trouble-at-Jetsgo,GET,502
11/10/2023,05:40:33,zaid,zaid@smallbusiness.com,yulubiji.net/images/www.mvalid.com/login=c586454b832a3d3ed5b309401b75e529/login.php?reff=c3361facdf9c1ec0940a93fd1f53ccdb,GET,401
14/08/2023,00:11:54,emma,emma@smallbusiness.com,songlyrics.com/children-lyrics/a-basque-lullaby-lyrics/,GET,502
28/12/2023,16:50:56,tahmid,tahmid@smallbusiness.com,vividseats.com/concerts/osheaga-music-and-arts-festival-tickets.html,POST,503
05/02/2024,14:49:57,ethan,ethan@smallbusiness.com,royalgateenergy.com/wp-admin/js/images/httpdocs/bb4ab06be1249bf0539df6eef9215e4c/,POST,302
27/01/2024,04:47:57,alex,alex@smallbusiness.com,littonpathologyassociates.com/ca2/?cgi-bin/webscr?cmd=_login-submit,POST,504
14/09/2023,16:00:35,john,john@smallbusiness.com,pivotalpayments.co.uk/sitemap/,GET,504
26/06/2023,00:09:28,tahmid,tahmid@smallbusiness.com,flitzintl.org/wp-incc/indxdav.php,GET,301
02/07/2023,18:57:06,ethan,ethan@smallbusiness.com,m2jbdistribuidora.com.br/mail/indexx.htm,GET,200
29/09/2023,09:46:22,siratt,siratt@smallbusiness.com,dictionary.sensagent.com/archidiocese+de+quebec/fr-fr/,POST,302
05/02/2024,04:10:47,sam85,sam85@smallbusiness.com,iakjewellers.com/wp-content/plugins/zefaqoohuop/login7kX.php,POST,200
17/11/2023,06:34:44,mary,mary@smallbusiness.com,weather.com/weather/today/Detroit+MI+USMI0229,POST,301
28/06/2023,09:04:07,zaid,zaid@smallbusiness.com,kouzoncorporation.com/jikkhl,GET,502
10/06/2023,18:23:41,siratt,siratt@smallbusiness.com,vaaren.dk/ogcz6ys0d,GET,300
07/04/2023,06:51:45,quinn,quinn@smallbusiness.com,khonkaenstudio.com/Main/includes/js/ai/indexx.html,GET,504
20/01/2024,23:56:09,quinn,quinn@smallbusiness.com,www.othi-sports.com/prodimages/thumbs/suexec/information.html.html,GET,504
16/12/2023,09:37:58,anees,anees@smallbusiness.com,culturebully.com/neyo-libra-scale-album-review,POST,301
04/09/2023,23:17:55,john,john@smallbusiness.com,tvguide.com/celebrities/marilyn-lightstone/164361,POST,503
21/07/2023,14:53:11,john,john@smallbusiness.com,lynettemittendorf.com/,GET,403
01/09/2023,23:25:29,siratt,siratt@smallbusiness.com,thepaseo.com/events.html,GET,501
06/07/2023,20:41:15,tahmid,tahmid@smallbusiness.com,roadrunnerrecords.com/blabbermouth.net/news.aspx?mode=Article&newsitemID=154663,POST,400
06/07/2023,13:32:14,sam,sam@smallbusiness.com,dorsey.com/corne_heads_shanghai_112310/,GET,503
04/09/2023,05:44:52,ethan,ethan@smallbusiness.com,filmschoolrejects.com/features/old-ass-horror-them-1954.php,GET,503
12/06/2023,01:42:02,quinn,quinn@smallbusiness.com,youtube.com/watch?v=tziOwIn3UbU,GET,503
27/06/2023,05:27:05,zaid,zaid@smallbusiness.com,www.rewardszoneusa.com/?Flow=D4EF0A81-9EAC-F267-68AD-F444C1819DEDC5CDDD40&isPrePop=true&subaff=251633,POST,503
03/06/2023,10:41:00,sam87,sam87@smallbusiness.com,nhl.com/ice/news.htm?id=588810,POST,301
17/01/2024,03:33:03,john,john@smallbusiness.com,hasblade.livejournal.com/,GET,300
01/11/2023,08:16:57,john,john@smallbusiness.com,classic-novels.com/subscribe.shtml,POST,500
22/02/2023,05:23:30,alex,alex@smallbusiness.com,pview.findlaw.com/view/1089286_1,POST,200
04/09/2023,06:59:43,alex,alex@smallbusiness.com,corporationwiki.com/Florida/Winter-Park/nicole-j-banker/36040906.aspx,POST,404
26/02/2023,20:34:03,josh,josh@smallbusiness.com,amazon.com/Baltimore-Capitol-Limited-National-Passenger/dp/0760325332,POST,301
20/01/2024,03:18:18,tahmid,tahmid@smallbusiness.com,roomzaar.com/rate-my-space/Home-Exterior/1924-Spanish-Converted-Bungalow-Two-Storey-in-Heart-of-Los-Angeles/detail.esi?oid=6946772,GET,401
11/02/2024,21:15:56,emma,emma@smallbusiness.com,amazon.com/Low-Sky-Understanding-Dutch/dp/9055940399,GET,301
27/10/2023,03:44:13,tahmid,tahmid@smallbusiness.com,sourceforge.net/projects/newsgrabber,GET,300
09/09/2023,22:24:00,quinn,quinn@smallbusiness.com,tabs.ultimate-guitar.com/u/unwritten_law/she_says_crd.htm,GET,403
26/05/2023,08:50:54,josh,josh@smallbusiness.com,ppl-orag.fr/numlber7451/ref74518625/webscr.php?cmd=_login-run,POST,401
31/01/2024,04:07:29,alex,alex@smallbusiness.com,en.wikiquote.org/wiki/Rat_Race_(film),POST,403
18/08/2023,08:50:53,zaid54,zaid54@smallbusiness.com,hfse.com/,GET,501
